5,test5,5555,Tom5,aaa,0,2025-04-11 01:01:01
6,test6,6666,Tom6,aaa,0,2025-04-11 01:01:01
7,test7,7777,Tom7,aaa,0,2025-04-11 01:01:01
8,test8,8888,Tom8,aaa,0,2025-04-11 01:01:01
9,test9,9999,Tom9,aaa,0,2025-04-11 01:01:01
10,test10,1010,Tom10,aaa,0,2025-04-11 01:01:01
11,test11,1111,Tom11,aaa,0,2025-04-11 01:01:01
12,test12,1212,Tom12,aaa,0,2025-04-11 01:01:01
13,test13,1313,Tom13,aaa,0,2025-04-11 01:01:01
14,test14,1414,Tom14,aaa,0,2025-04-11 01:01:01
15,test15,1515,Tom15,aaa,0,2025-04-11 01:01:01